,TS_Barrier,HOMO-O (Hartree),LUMO-O (Hartree),Dipole Moment X (Debye),Dipole Moment Total (Debye),D16 value,I-O Bond,I=O,I-OH bond
TS_Barrier,1.0,-0.4783348205921293,0.12870756677723785,0.25163214390578403,0.2593234656065044,-0.8037461726640966,0.33936270074579683,-0.13968480819125886,0.5459057223058253
HOMO-O (Hartree),-0.4783348205921293,1.0,0.02145147981112657,-0.23150460357695693,-0.06775744967299852,0.33881473114477856,-0.3183831149259018,0.2078561156173186,-0.24071541650862763
LUMO-O (Hartree),0.12870756677723785,0.02145147981112657,1.0,-0.3807451868625018,0.3192247497283414,-0.24361251382243584,0.10031529771087289,0.6345581151613322,0.47183598987591846
Dipole Moment X (Debye),0.25163214390578403,-0.23150460357695693,-0.3807451868625018,1.0,0.2643982637871192,0.045766552539158414,0.1962906757746692,-0.23075798720260052,0.013881472282191453
Dipole Moment Total (Debye),0.2593234656065044,-0.06775744967299852,0.3192247497283414,0.2643982637871192,1.0,-0.25761143622270827,0.04699690865402329,0.26206265281636854,0.17848169536446512
D16 value,-0.8037461726640966,0.33881473114477856,-0.24361251382243584,0.045766552539158414,-0.25761143622270827,1.0,-0.3412953920783169,0.1068310655077927,-0.2680637340073736
I-O Bond,0.33936270074579683,-0.3183831149259018,0.10031529771087289,0.1962906757746692,0.04699690865402329,-0.3412953920783169,1.0,-0.334068589915661,-0.10642906694972475
I=O,-0.13968480819125886,0.2078561156173186,0.6345581151613322,-0.23075798720260052,0.26206265281636854,0.1068310655077927,-0.334068589915661,1.0,0.5304008365492217
I-OH bond,0.5459057223058253,-0.24071541650862763,0.47183598987591846,0.013881472282191453,0.17848169536446512,-0.2680637340073736,-0.10642906694972475,0.5304008365492217,1.0
